1	Mi perro Rufo	25/04/2018	publicacion1.jpg
2	Mi gato Pelusa	26/04/2018	publicacion2.jpg
3	Mi pez Dori	27/04/2018	publicacion3.jpg
4	Mi canario Piolin	28/04/2018	publicacion4.jpg
5	Mi tortuga Jessie	29/04/2018	publicacion5.jpg
6	Un dia en la playa	30/04/2018	publicacion6.jpg
7	Un dia en el parque	01/05/2018	publicacion7.jpg
8	Un dia en el bosque	02/05/2018	publicacion8.jpg
9	Un dia en casa	03/05/2018	publicacion9.jpg
10	Un dia en el bosque	04/05/2018	publicacion10.jpg
11	Mi amigo Mario	05/05/2018	publicacion11.jpg
12	Mi amigo Luis	06/05/2018	publicacion12.jpg
13	Mi amiga Perla	07/05/2018	publicacion13.jpg
14	Mi amiga Gema	08/05/2018	publicacion14.jpg
15	Mi amiga Dany	09/05/2018	publicacion15.jpg
16	Mi perjor amigo	10/05/2018	publicacion16.jpg
17	El pequeño pie gran	11/05/2018	publicacion17.jpg
18	La vida de mi tortuga	12/05/2018	publicacion18.jpg
19	Aquel buen ejemplo	13/05/2018	publicacion19.jpg
20	El pandita rojo	14/05/2018	publicacion20.jpg
21	Los nerds aciditos	15/05/2018	publicacion21.jpg
22	La manera en que me miras	16/05/2018	publicacion22.jpg
23	Mi buen amigo Arturo	17/05/2018	publicacion23.jpg
24	Diego y mi perro	18/05/2018	publicacion24.jpg
25	Mi comida favorita	19/05/2018	publicacion25.jpg
26	si tu me miras	20/05/2018	publicacion26.jpg
27	cada dia es diferente	21/05/2018	publicacion27.jpg
28	el mouse	22/05/2018	publicacion28.jpg
29	la calaca flaca	23/05/2018	publicacion29.jpg
30	María y su bici	24/05/2018	publicacion30.jpg
31	Los tenis de la Lupe	25/05/2018	publicacion31.jpg
32	Ximenita marranita	26/05/2018	publicacion32.jpg
33	Jesús y su cabús	27/05/2018	publicacion33.jpg
34	Lucho el Debilucho	28/05/2018	publicacion34.jpg
35	La experiencia de la vida	29/05/2018	publicacion35.jpg
36	El juego de Gato	30/05/2018	publicacion36.jpg
37	los Gatos jugando	31/05/2018	publicacion37.jpg
38	Las rolas de Chepo	01/06/2018	publicacion38.jpg
39	Concierto de DJFonz	02/06/2018	publicacion39.jpg
40	Aprendiendo Hortografía	03/06/2018	publicacion40.jpg
41	Lo que pasa es que sucede	04/06/2018	publicacion41.jpg
42	Aconteciendo	05/06/2018	publicacion42.jpg
43	Palabritas en Latín	06/06/2018	publicacion43.jpg
44	Las Canción de la Rana	07/06/2018	publicacion44.jpg
45	La niña y la piña	08/06/2018	publicacion45.jpg
46	las tres noches	09/06/2018	publicacion46.jpg
47	Como tu nadie	10/06/2018	publicacion47.jpg
48	Si la vida sigue	11/06/2018	publicacion48.jpg
49	El pirata cojo	12/06/2018	publicacion49.jpg
50	Arriba el patriarcado	13/06/2018	publicacion50.jpg